<?xml version="1.0" encoding="UTF-8"?>
<!DOCTYPE MY TYPE ><CC315A><manisd><rftdid></rftdid><td><tdbillno>1099798313</tdbillno><lp><description>CD</description></lp></td><td><tdbillno>1132604480</tdbillno><lp><description>DIARIES</description></lp></td><td><tdbillno>1099748576</tdbillno><lp><description>WINES</description></lp></td><td><tdbillno>1243054142</tdbillno><lp><description>STAMP</description></lp></td><td><tdbillno>1243053895</tdbillno><lp><description>STAMP</description></lp></td><td><tdbillno>1108862753</tdbillno><lp><description>TOKEN BANK</description></lp></td><td><tdbillno>1243030471</tdbillno><lp><description>FRAME + PHOTOS</description></lp></td><td><tdbillno>1132622164</tdbillno><lp><description>SAMPLE FOR HHR</description></lp></td><td><tdbillno>8025998621</tdbillno><lp><description>SECURITY TOKEN</description></lp></td><td><tdbillno>8025986452</tdbillno><lp><description>SECURITY TOKEN</description></lp></td><td><tdbillno>8025965791</tdbillno><lp><description>SECURITY TOKEN</description></lp></td><td><tdbillno>8025946014</tdbillno><lp><description>SECURITY TOKEN</description></lp></td><td><tdbillno>8025916905</tdbillno><lp><description>SECURITY TOKEN</description></lp></td><td><tdbillno>1132605600</tdbillno><lp><description>PHARMACEUTICAL SAMPLES</description></lp></td><td><tdbillno>8025874942</tdbillno><lp><description>SECURITY TOKEN</description></lp></td><td><tdbillno>8025856086</tdbillno><lp><description>SECURITY TOKEN</description></lp></td><td><tdbillno>8025842720</tdbillno><lp><description>SECURITY TOKEN</description></lp></td><td><tdbillno>1132586486</tdbillno><lp><description>DGPASS</description></lp></td><td><tdbillno>8025368083</tdbillno><lp><description>SECURITY TOKEN</description></lp></td><td><tdbillno>8025387451</tdbillno><lp><description>SECURITY TOKEN</description></lp></td><td><tdbillno>8025394274</tdbillno><lp><description>SECURITY TOKEN</description></lp></td><td><tdbillno>8025412776</tdbillno><lp><description>SECURITY TOKEN</description></lp></td><td><tdbillno>8025441911</tdbillno><lp><description>SECURITY TOKEN</description></lp></td><td><tdbillno>8025454780</tdbillno><lp><description>SECURITY TOKEN</description></lp></td><td><tdbillno>8025463504</tdbillno><lp><description>SECURITY TOKEN</description></lp></td><td><tdbillno>1132604476</tdbillno><lp><description>DIARIES</description></lp></td><td><tdbillno>8025505600</tdbillno><lp><description>SECURITY TOKEN</description></lp></td><td><tdbillno>8025520893</tdbillno><lp><description>SECURITY TOKEN</description></lp></td><td><tdbillno>8025553012</tdbillno><lp><description>SECURITY TOKEN</description></lp></td><td><tdbillno>8025570604</tdbillno><lp><description>SECURITY TOKEN</description></lp></td><td><tdbillno>8025581830</tdbillno><lp><description>SECURITY TOKEN</description></lp></td><td><tdbillno>8025709753</tdbillno><lp><description>SECURITY TOKEN</description></lp></td><td><tdbillno>8025720113</tdbillno><lp><description>SECURITY TOKEN</description></lp></td><td><tdbillno>8025746363</tdbillno><lp><description>SECURITY TOKEN</description></lp></td><td><tdbillno>8025799375</tdbillno><lp><description>SECURITY TOKEN</description></lp></td><td><tdbillno>8025807204</tdbillno><lp><description>SECURITY TOKEN</description></lp></td><td><tdbillno>8025814941</tdbillno><lp><description>SECURITY TOKEN</description></lp></td><td><tdbillno>8026697641</tdbillno><lp><description>ORIG.DOCS-QFSH/801-3&amp;OCS&amp;16CDS</description></lp></td><td><tdbillno>1243054385</tdbillno><lp><description></description></lp></td><td><tdbillno>8021554564</tdbillno><lp><description></description></lp></td><td><tdbillno>9856575466</tdbillno><lp><description></description></lp></td><td><tdbillno>1243053836</tdbillno><lp><description></description></lp></td><td><tdbillno>1243054153</tdbillno><lp><description></description></lp></td><td><tdbillno>1108934061</tdbillno><lp><description></description></lp></td></manisd></CC315A>